"Options.SECTION:[algernon.HistoricalStart]","역사적 시작(Historical Start)"
"Options.OPTION:ResetModSettings","기본값으로 초기화"
"Options.OPTION:UnlockBus","버스 해제"
"Options.OPTION_DESCRIPTION:UnlockBus","버스 대중교통을 해제합니다."
"Options.OPTION:UnlockTrams","노면전차 해제"
"Options.OPTION_DESCRIPTION:UnlockTrams","노면전차 대중교통을 해제합니다."
"Options.OPTION:UnlockTrains","철도 해제"
"Options.OPTION_DESCRIPTION:UnlockTrains","기차 및 철도 대중교통을 해제합니다."
"Options.OPTION:UnlockShips","선박 해제"
"Options.OPTION_DESCRIPTION:UnlockShips","선박 교통을 해제합니다."
"Options.OPTION:UnlockFarming","고급 농업 해제"
"Options.OPTION_DESCRIPTION:UnlockFarming","채소 및 섬유소 식물 농업을 해제합니다."
"Options.OPTION:UnlockMining","광업 해제"
"Options.OPTION_DESCRIPTION:UnlockMining","광석 및 석탄 광업을 해제합니다."
"Options.OPTION:UnlockOil","석유 해제"
"Options.OPTION_DESCRIPTION:UnlockOil","석유 시추를 해제합니다."
"Options.OPTION:UnlockBasicHighways","기본 고속도로 해제"
"Options.OPTION_DESCRIPTION:UnlockBasicHighways","소형 왕복 고속도로를 해제합니다."
"Options.OPTION:UnlockAllHighways","모든 고속도로 해제"
"Options.OPTION_DESCRIPTION:UnlockAllHighways","모든 고속도로를 해제합니다."
"Options.OPTION:UnlockDistricts","지구 해제"
"Options.OPTION_DESCRIPTION:UnlockDistricts","지구를 지정하고 서비스를 할당하는 기능을 해제합니다. 단, 지구 정책은 해제되지 않습니다."
"Options.OPTION_DESCRIPTION:ResetModSettings","역사적 시작 모드의 모든 설정을 기본값으로 초기화합니다"
"Options.WARNING:ResetModSettings","역사적 시작 모드의 모든 설정을 기본값으로 초기화하시겠습니까? 이 작업은 취소할 수 없습니다."
