"Options.SECTION:[algernon.HistoricalStart]","Historical Start"
"Options.OPTION:ResetModSettings","Naar standaardinstellingen resetten"
"Options.OPTION:UnlockBus","Bussen ontgrendelen"
"Options.OPTION_DESCRIPTION:UnlockBus","Ontgrendelt bustransport."
"Options.OPTION:UnlockTrams","Trams ontgrendelen"
"Options.OPTION_DESCRIPTION:UnlockTrams","Ontgrendelt tramtransport."
"Options.OPTION:UnlockTrains","Sporen ontgrendelen"
"Options.OPTION_DESCRIPTION:UnlockTrains","Ontgrendelt treinen en spoortransport."
"Options.OPTION:UnlockShips","Scheepvaart ontgrendelen"
"Options.OPTION_DESCRIPTION:UnlockShips","Ontgrendelt schepen."
"Options.OPTION:UnlockFarming","Geavanceerde landbouw ontgrendelen"
"Options.OPTION_DESCRIPTION:UnlockFarming","Ontgrendelt groente- en katoenboerderijen."
"Options.OPTION:UnlockMining","Mijnen ontgrendelen"
"Options.OPTION_DESCRIPTION:UnlockMining","Ontgrendelt erts- en steenkoolmijnen."
"Options.OPTION:UnlockOil","Olie ontgrendelen"
"Options.OPTION_DESCRIPTION:UnlockOil","Ontgrendelt olieboringen."
"Options.OPTION:UnlockBasicHighways","Simpele snelwegen ontgrendelen"
"Options.OPTION_DESCRIPTION:UnlockBasicHighways","Ontgrendelt kleine tweerichtingssnelwegen."
"Options.OPTION:UnlockAllHighways","Alle snelwegen ontgrendelen"
"Options.OPTION_DESCRIPTION:UnlockAllHighways","Ontgrendelt alle snelwegen."
"Options.OPTION:UnlockDistricts","Districten ontgrendelen"
"Options.OPTION_DESCRIPTION:UnlockDistricts","Ontgrendelt de mogelijkheid om districten te tekenen en diensten toe te wijzen. Dit ontgrendelt geen districtsbeleid."
"Options.OPTION_DESCRIPTION:ResetModSettings","Resets alle Historical Start-mod-instellingen naar standaard"
"Options.WARNING:ResetModSettings","Alle Historical Start-instellingen naar standaard resetten? Dit kan niet ongedaan worden gemaakt."
